{
  "success": true,
  "best_fitness": 0.0,
  "best_individual": [
    230.19364744483815,
    71.75075286558669,
    0.9125439775536789,
    3.472942428328025,
    2.5143233062215598,
    5.030098462268734,
    4.116102634889441,
    7.568718270819382
  ],
  "fitness_history": [
    0.0,
    0.0,
    0.0,
    0.0,
    0.0,
    0.0,
    0.0,
    0.0,
    0.0,
    0.0,
    0.0,
    0.0,
    0.0,
    0.0,
    0.0,
    0.0,
    0.0,
    0.0,
    0.0,
    0.0,
    0.0,
    0.0,
    0.0,
    0.0,
    0.0
  ],
  "best_fitness_history": [
    0.0,
    0.0,
    0.0,
    0.0,
    0.0,
    0.0,
    0.0,
    0.0,
    0.0,
    0.0,
    0.0,
    0.0,
    0.0,
    0.0,
    0.0,
    0.0,
    0.0,
    0.0,
    0.0,
    0.0,
    0.0,
    0.0,
    0.0,
    0.0,
    0.0
  ],
  "optimization_time": 0.5266208648681641,
  "uav_direction": 230.19364744483815,
  "uav_speed": 71.75075286558669,
  "smoke_details": [
    {
      "smoke_id": 1,
      "drop_time": 0.9125439775536789,
      "explosion_delay": 3.472942428328025,
      "drop_position": [
        17758.082781115052,
        -50.29926770465206,
        1800.0
      ],
      "explosion_position": [
        17598.55503064619,
        -241.72725936551433,
        1740.8994873586432
      ]
    },
    {
      "smoke_id": 2,
      "drop_time": 2.5143233062215598,
      "explosion_delay": 5.030098462268734,
      "drop_position": [
        17684.505905505015,
        -138.58906988210853,
        1800.0
      ],
      "explosion_position": [
        17453.451026570863,
        -415.8472353599809,
        1676.0207363534205
      ]
    },
    {
      "smoke_id": 3,
      "drop_time": 4.116102634889441,
      "explosion_delay": 7.568718270819382,
      "drop_position": [
        17610.929029894978,
        -226.87887205956505,
        1800.0
      ],
      "explosion_position": [
        17263.26400964364,
        -644.06532646542,
        1519.301068311128
      ]
    }
  ],
  "total_occlusion_time": 0.0
}