{
  "success": true,
  "problem": 1,
  "uav_speed": 120.0,
  "drop_delay": 1.5,
  "explosion_delay": 3.6,
  "direction_angle": 180.0,
  "total_occlusion_time": 1.3900000000000001,
  "occlusion_times": {
    "M1": 1.3900000000000001
  },
  "occlusion_details": {
    "M1": [
      8.06,
      8.07,
      8.08,
      8.09,
      8.1,
      8.11,
      8.12,
      8.13,
      8.14,
      8.15,
      8.16,
      8.17,
      8.18,
      8.19,
      8.2,
      8.21,
      8.22,
      8.23,
      8.24,
      8.25,
      8.26,
      8.27,
      8.28,
      8.29,
      8.3,
      8.31,
      8.32,
      8.33,
      8.34,
      8.35,
      8.36,
      8.37,
      8.38,
      8.39,
      8.4,
      8.41,
      8.42,
      8.43,
      8.44,
      8.45,
      8.46,
      8.47,
      8.48,
      8.49,
      8.5,
      8.51,
      8.52,
      8.53,
      8.54,
      8.55,
      8.56,
      8.57,
      8.58,
      8.59,
      8.6,
      8.61,
      8.62,
      8.63,
      8.64,
      8.65,
      8.66,
      8.67,
      8.68,
      8.69,
      8.7,
      8.71,
      8.72,
      8.73,
      8.74,
      8.75,
      8.76,
      8.77,
      8.78,
      8.79,
      8.8,
      8.81,
      8.82,
      8.83,
      8.84,
      8.85,
      8.86,
      8.87,
      8.88,
      8.89,
      8.9,
      8.91,
      8.92,
      8.93,
      8.94,
      8.95,
      8.96,
      8.97,
      8.98,
      8.99,
      9.0,
      9.01,
      9.02,
      9.03,
      9.04,
      9.05,
      9.06,
      9.07,
      9.08,
      9.09,
      9.1,
      9.11,
      9.12,
      9.13,
      9.14,
      9.15,
      9.16,
      9.17,
      9.18,
      9.19,
      9.2,
      9.21,
      9.22,
      9.23,
      9.24,
      9.25,
      9.26,
      9.27,
      9.28,
      9.29,
      9.3,
      9.31,
      9.32,
      9.33,
      9.34,
      9.35,
      9.36,
      9.37,
      9.38,
      9.39,
      9.4,
      9.41,
      9.42,
      9.43,
      9.44
    ]
  }
}