{
  "success": true,
  "best_fitness": 3.3000000000000003,
  "best_individual": [
    41.064910173758975,
    132.8476018521734,
    8.58860959766755,
    3.2916060044686204,
    265.3828901139473,
    102.69307756666551,
    7.628462018746045,
    5.974840472010696,
    74.1225333428174,
    122.29832478106037,
    16.124470442408825,
    4.187839773386383
  ],
  "fitness_history": [
    0.0,
    0.0,
    0.0,
    0.0,
    0.0,
    0.0,
    0.0,
    0.0,
    0.0,
    0.0,
    0.0,
    0.0,
    0.0,
    0.0,
    0.0891891891891892,
    0.26756756756756755,
    0.26756756756756755,
    0.44594594594594594,
    0.5351351351351351,
    0.7135135135135136,
    1.2486486486486483,
    1.6054054054054052,
    1.962162162162162,
    2.3189189189189188,
    2.675675675675676,
    3.0324324324324325,
    3.1216216216216215,
    3.208108108108108,
    3.1216216216216215,
    3.210810810810811,
    3.210810810810811,
    3.1216216216216215,
    2.9432432432432436,
    3.1324324324324326,
    3.210810810810811,
    3.205405405405405,
    3.1216216216216215,
    3.1216216216216215,
    3.0324324324324325,
    2.943243243243243,
    3.175675675675676,
    3.210810810810811,
    3.0324324324324325,
    3.3,
    3.2378378378378376,
    3.1216216216216215,
    3.0702702702702704,
    3.17027027027027,
    3.032432432432432,
    3.210810810810811
  ],
  "best_fitness_history": [
    0.0,
    0.0,
    0.0,
    0.0,
    0.0,
    0.0,
    0.0,
    0.0,
    0.0,
    0.0,
    0.0,
    0.0,
    0.0,
    0.0,
    3.3000000000000003,
    3.3000000000000003,
    3.3000000000000003,
    3.3000000000000003,
    3.3000000000000003,
    3.3000000000000003,
    3.3000000000000003,
    3.3000000000000003,
    3.3000000000000003,
    3.3000000000000003,
    3.3000000000000003,
    3.3000000000000003,
    3.3000000000000003,
    3.3000000000000003,
    3.3000000000000003,
    3.3000000000000003,
    3.3000000000000003,
    3.3000000000000003,
    3.3000000000000003,
    3.3000000000000003,
    3.3000000000000003,
    3.3000000000000003,
    3.3000000000000003,
    3.3000000000000003,
    3.3000000000000003,
    3.3000000000000003,
    3.3000000000000003,
    3.3000000000000003,
    3.3000000000000003,
    3.3000000000000003,
    3.3000000000000003,
    3.3000000000000003,
    3.3000000000000003,
    3.3000000000000003,
    3.3000000000000003,
    3.3000000000000003
  ],
  "optimization_time": 22.53163170814514,
  "uav_details": [
    {
      "uav_id": "FY1",
      "direction": 41.064910173758975,
      "speed": 132.8476018521734,
      "drop_time": 8.58860959766755,
      "explosion_delay": 3.2916060044686204,
      "drop_position": [
        18660.257080782227,
        749.5227929953354,
        1800.0
      ],
      "explosion_position": [
        18989.95274808307,
        1036.7792688956429,
        1746.910116565596
      ]
    },
    {
      "uav_id": "FY2",
      "direction": 265.3828901139473,
      "speed": 102.69307756666551,
      "drop_time": 7.628462018746045,
      "explosion_delay": 5.974840472010696,
      "drop_position": [
        11936.939762621128,
        619.151949853417,
        1400.0
      ],
      "explosion_position": [
        11887.549091534347,
        7.568314640753215,
        1225.0762785367126
      ]
    },
    {
      "uav_id": "FY3",
      "direction": 74.1225333428174,
      "speed": 122.29832478106037,
      "drop_time": 16.124470442408825,
      "explosion_delay": 4.187839773386383,
      "drop_position": [
        6539.50048877464,
        -1103.2379288665218,
        700.0
      ],
      "explosion_position": [
        6679.619298426184,
        -610.611788335927,
        614.0637903589711
      ]
    }
  ],
  "total_occlusion_time": 3.3000000000000003
}