{
  "success": true,
  "occlusion_time": 3.4000000000000004,
  "uav_speed": 91.83276962643902,
  "drop_delay": 1.446746468782242,
  "explosion_delay": 3.2440797515557014,
  "direction_angle": 178.94808607656938,
  "drop_position": [
    17667.163655286797,
    2.4390645093510437,
    1800.0
  ],
  "explosion_position": [
    17369.30103356739,
    7.908246538310134,
    1748.4321381711768
  ]
}